Key,Action,Rank
action.EditorPreviousWord,Move Caret to Previous Word,1
action.CodeCompletion,Basic,1
action.SmartTypeCompletion,SmartType,1
action.EditorNextWord,Move Caret to Next Word,1
action.EditorUnSelectWord,Shrink Selection,1
action.EditorTextStart,Move Caret to Text Start,2
action.UsageView.Rerun,Rerun,2
action.EditorTextEnd,Move Caret to Text End,2
action.Stop,Stop,2
action.RecentFiles,Recent Files,1
action.SmartStepInto,Smart Step Into,
action.$Copy,Copy,1
action.GotoAction,Find Action...,1
action.PasteMultiple,Paste from History...,2
action.EditorSelectWord,Extend Selection,1
action.RunToCursor,Run to Cursor,
action.Undo,Undo,1
action.PreviousTab,Select Previous Tab,
action.PrevSplitter,Goto Previous Splitter,
action.NextTab,Select Next Tab,
action.NextSplitter,Goto Next Splitter,1
action.EditorCompleteStatement,Complete Current Statement,1
action.CloseContent,Close,1
action.ExpandAll,Expand All,
action.CollapseAll,Collapse All,
action.EditorLineStart,Move Caret to Line Start,1
action.EditorLeft,Left,1
action.StepOut,Step Out,1
action.CommentByLineComment,Comment with Line Comment,1
group.RunnerActions,Debug,1
action.ReformatCode,Reformat Code,1
action.NewElement,New...,1
group.RunnerActions,Run,1
action.CommentByBlockComment,Comment with Block Comment,2
action.RunConfiguration,Select Debug Configuration,
action.ShowReformatFileDialog,Show Reformat File Dialog,2
action.RunConfiguration,Select Run Configuration,
action.$Delete,Delete,1
action.EditorLineEnd,Move Caret to Line End,1
action.Resume,Resume Program,1
action.EditorRight,Right,1
action.StepInto,Step Into,1
action.EditorEscape,Escape,1
action.QuickImplementations,Quick Definition,1
action.QuickJavaDoc,Quick Documentation,1
action.ShowIntentionActions,Show Intention Actions,1
,Open in default browser,2
action.VcsShowNextChangeMarker,Next Change,1
action.GotoDeclaration,Declaration,1
action.GotoNextError,Next Highlighted Error,1
action.GotoImplementation,Implementation(s),1
action.ShowNavBar,Jump to Navigation Bar,2
action.FileStructurePopup,File Structure,1
,Select in Project View,1
action.GotoSuperMethod,Super Method,1
action.GotoTest,Test,1
,Open in Browser,2
action.VcsShowPrevChangeMarker,Previous Change,2
action.GotoPreviousError,Previous Highlighted Error,2
action.GotoTypeDeclaration,Type Declaration,2
action.EditorCutLineEnd,Cut up to Line End,1
action.InsertLiveTemplate,Insert Live Template...,1
action.EditorDown,Down,1
action.StepOver,Step Over,1
action.EditorUp,Up,1
action.HideAllWindows,Hide All Tool Windows,1
,Refactor This...,1
action.IncrementalSearch,Incremental Search,1
action.EditorToggleStickySelection,Toggle Sticky Selection,1
action.EditorPageDown,Page Down,1
action.EditorKillRegion,Kill Selected Region,1
action.ForceRunToCursor,Force Run to Cursor,
action.ForceStepOver,Force Step Over,
action.Runner.CloseAllViews,Close All,2
action.ForceStepInto,Force Step Into,
action.TogglePresentationMode,Toggle Presentation mode,2
action.UnsplitAll,Unsplit All,1
action.SplitHorizontally,Split Horizontally,1
action.SplitVertically,Split Vertically,1
action.CloseEditor,Close Active Editor,1
action.EditorPaste,Paste,1
action.JumpToLastWindow,Jump to Last Tool Window,
action.EditorLeftWithSelection,Left with Selection,1
action.EditorRightWithSelection,Right with Selection,1
action.EditorUpWithSelection,Up with Selection,1
action.EditorDownWithSelection,Down with Selection,1
action.Redo,Redo,1
action.$Cut,Cut,1
action.EditorToggleColumnMode,Column Selection Mode,2
action.Unwrap,Unwrap/Remove...,2
action.CopyPaths,Copy Paths,3
action.CopyReference,Copy Reference,3
action.EditorPasteSimple,Paste Simple,3
action.ShowBookmarks,Show Bookmarks,
action.Back,Back,
action.Forward,Forward,
action.ToggleBookmark,Toggle Bookmark,
action.$Paste,Paste,
action.$SearchWeb,Search with Google,
action.$SelectAll,Select All,
action.About,About,
action.ActivateNavBar,Activate Navigation Bar,
action.Add\ to\ migration\ roots,Add to migration roots,
action.AddFrameworkSupport,Add Framework Support...,
action.AddNewFavoritesList,Add New Favorites List,
action.AddToFavoritesPopup,Add to Favorites,
action.Annotate,Annotate,
action.AnonymousToInner,Convert Anonymous to Inner...,
action.AssociateWithFileType,Associate with File Type,
action.AutoIndentLines,Auto-Indent Lines,
action.AutoShowProcessWindow,Auto Show,
action.BuildAllArtifacts,Build All Artifacts,
action.CallHierarchy,Call Hierarchy,
action.CallHierarchy.BaseOnThisType,Base On This Method,
action.CaptureAllocations,Capture Allocations,
action.CaptureCPUUsageData,Start CPU Usage Profiling,
action.CaptureMemorySnapShot,Capture Memory Snapshot,
action.ChangeCodeStyleScheme,Code Style Scheme,
action.ChangeColorScheme,Color Scheme,
action.ChangeCustomizationSchema,Switch Customization Scheme,
action.ChangeFileEncodingAction,File Encoding,
action.ChangeFileEncodingGroupAction,Change File Encoding,
action.ChangeInspectionProfile,Error Highlighting,
action.ChangeKeymap,Keymap,
action.ChangeLaf,Look and Feel,
action.ChangeSignature,Change Signature...,
action.ChangeSplitOrientation,Change Splitter Orientation,
action.ChangesView.AddUnversioned,Add to VCS,
action.ChangesView.AddUnversioned.From.Dialog,Add to VCS,
action.ChangesView.ApplyPatch,Apply Patch...,
action.ChangesView.ApplyPatchFromClipboard,Apply Patch from Clipboard...,
action.ChangesView.Browse,Browse Changes...,
action.ChangesView.CreatePatch,Create Patch from Local Changes...,
action.ChangesView.CreatePatchFromChanges,Create Patch...,
action.ChangesView.CreatePatchToClipboard,Copy as Patch to Clipboard,
action.ChangesView.DeleteUnversioned,Delete,
action.ChangesView.Diff,Show Diff,
action.ChangesView.Edit,Check Out,
action.ChangesView.Ignore,Ignore...,
action.ChangesView.Move,Move to Another Changelist...,
action.ChangesView.NewChangeList,New Changelist,
action.ChangesView.Refresh,Refresh,
action.ChangesView.RemoveChangeList,"Delete {0,choice,0#Changelist|1#Changelists}",
action.ChangesView.RemoveDeleted,Remove from VCS,
action.ChangesView.Rename,Edit Changelist...,
action.ChangesView.Revert,Revert,
action.ChangesView.SetDefault,Set Active Changelist,
action.ChangesView.Shelve,Shelve Changes...,
action.ChangeTemplateDataLanguage,Change Template Data Language,
action.ChangeTypeSignature,Type Migration...,
action.ChangeView,View Mode,
action.CheckForUpdate,Check for Updates...,
action.CheckinFiles,Commit File,
action.CheckinProject,Commit,
action.CheckStatusForFiles,Check Status,
action.ClassNameCompletion,Class Name Completion,
action.CloseActiveTab,Close Active Tab,
action.CloseAllEditors,Close All,
action.CloseAllEditorsButActive,Close Others,
action.CloseAllNotifications,Close All,
action.CloseAllUnmodifiedEditors,Close Unmodified,
action.CloseAllUnpinnedEditors,Close All but Pinned,
action.CloseFirstNotification,Close First,
action.CloseProject,Close Project,
action.CloseWindow,Close Active Window,
action.CodeCleanup,Code Cleanup...,
action.CodeInspection.OnEditor,Inspect Code With Editor Settings,
action.CollapseAllRegions,Collapse All,
action.CollapseBlock,Fold Code Block,
action.CollapseDocComments,Collapse doc comments,
action.CollapseRegion,Collapse,
action.CollapseRegionRecursively,Collapse Recursively,
action.CollapseSelection,Fold Selection / Remove region,
action.CollapseTreeNode,Collapse Tree Node,
action.CollectZippedLogs,Collect and Show Logs in File Manager,
action.CommittedChanges.Details,Show Details,
action.CommittedChanges.Filter,Filter,
action.CommittedChanges.Refresh,Refresh,
action.CommittedChanges.Revert,Revert Changes,
action.Compare.LastVersion,Compare with Latest Repository Version,
action.Compare.SameVersion,Compare with the Same Repository Version,
action.Compare.Selected,Compare with...,
action.CompareClipboardWithSelection,Compare with Clipboard,
action.CompareFileWithEditor,Compare File with Editor,
action.CompareTwoFiles,Compare Files,
action.Compile,Rebuild,
action.CompileDirty,Build Project,
action.CompileFile,Recompile,
action.CompileProject,Rebuild Project,
action.ConfigureFileDefaultEncoding,Configure Default Encoding...,
action.Console.Execute,Execute Current Statement in One-Line Console,
action.Console.Execute.Multiline,Execute Current Statement in Multiline Console,
action.Console.History.Browse,Browse Console History,
action.Console.History.Next,Next Entry in Console History,
action.Console.History.Previous,Previous Entry in Console History,
action.Console.Open,Open Console,
action.Console.SplitLine,Split Line,
action.ContextHelp,Context Help,
action.ConvertIndentsToSpaces,To Spaces,
action.ConvertIndentsToTabs,To Tabs,
action.ConvertProject,&Convert Project,
action.ConvertToInstanceMethod,Convert To Instance Method...,
action.CopyAsPlainText,Copy as Plain Text,
action.CopyAsRichText,Copy as Rich Text,
action.CopyElement,Copy...,
action.CopyUrl,Copy URL,
action.CreateDesktopEntry,Create Desktop Entry...,
action.CreateLauncherScript,Create Command-line Launcher...,
action.CreateLibraryFromFile,Add as Library...,
action.CreateRunConfiguration,Create Run Configuration,
action.DebugBuildProcess,Debug Build Process,
action.Debugger.AddToWatch,Add to Watches,
action.Debugger.AdjustArrayRange,Adjust Range...,
action.Debugger.AutoRenderer,Auto,
action.Debugger.CompareValueWithClipboard,Compare Value with Clipboard,
action.Debugger.CopyValue,Copy Value,
action.Debugger.CustomizeContextView,Customize Data Views...,
action.Debugger.CustomizeThreadsView,Customize Threads View...,
action.Debugger.EditArrayFilter,Edit...,
action.Debugger.EditCustomField,Edit...,
action.Debugger.EditFrameSource,EditFrameSource,
action.Debugger.EditNodeSource,EditNodeSource,
action.Debugger.EditTypeSource,Jump to Object Source,
action.Debugger.EditWatch,Edit Watch,
action.Debugger.EvaluateInConsole,Evaluate in Console,
action.Debugger.FilterArray,Filter...,
action.Debugger.FocusOnBreakpoint,Focus On Breakpoint,
action.Debugger.ForceEarlyReturn,Force Return,
action.Debugger.FreezeThread,Suspend,
action.Debugger.Inspect,Inspect,
action.Debugger.InterruptThread,Interrupt,
action.Debugger.MarkObject,Mark Object...,
action.Debugger.MarkObject.unmark,Unmark Object,
action.Debugger.MuteBreakpoints,Mute Breakpoints,
action.Debugger.NewCustomField,New Class Level Watch...,
action.Debugger.NewWatch,New Watch...,
action.Debugger.PopFrame,Drop Frame,
action.Debugger.RemoveAllWatches,Remove All Watches,
action.Debugger.RemoveArrayFilter,Remove Filter,
action.Debugger.RemoveCustomField,Remove Watch,
action.Debugger.RemoveWatch,Remove Watch,
action.Debugger.ResumeThread,Resume,
action.Debugger.SetValue,Set Value...,
action.Debugger.ShowFrame,Show Frame,
action.Debugger.ShowLibraryFrames,Show/Hide Library Frames,
action.Debugger.ShowReferring,Show Referring Objects...,
action.Debugger.Tree.EvaluateInConsole,Evaluate In Console,
action.Debugger.ViewAsGroup,View as,
action.Debugger.ViewEditText,View/Edit Text,
action.Debugger.ViewText,View Text,
action.DebugListen,Throw Debug Exception,
action.DecodeBytesAction,Decode Bytes...,
action.DecrementWindowHeight,Decrement Height,
action.DecrementWindowWidth,Decrement Width,
action.DelegateMethods,Delegate Methods...,
action.Diff.AppendLeftSide,Append Left Side,
action.Diff.AppendRightSide,Append Right Side,
action.Diff.ApplyLeftSide,Accept Left Side,
action.Diff.ApplyNonConflicts,Apply All Non-Conflicting Changes,
action.Diff.ApplyNonConflicts.Left,Apply Non-Conflicting Changes from the Left Side,
action.Diff.ApplyNonConflicts.Right,Apply Non-Conflicting Changes from the Right Side,
action.Diff.ApplyRightSide,Accept Right Side,
action.Diff.ComparePartial.Base.Left,Compare Left and Middle Contents,
action.Diff.ComparePartial.Base.Right,Compare Middle and Right Contents,
action.Diff.ComparePartial.Left.Right,Compare Left and Right Contents,
action.Diff.CompareWithBase.Left,Compare Base and Left Contents,
action.Diff.CompareWithBase.Result,Compare Base and Middle Contents,
action.Diff.CompareWithBase.Right,Compare Base and Right Contents,
action.Diff.FocusOppositePane,Select Opposite Diff Pane,
action.Diff.FocusOppositePaneAndScroll,Select Position In Opposite Diff Pane,
action.Diff.HighlightMode,Toggle Diff Highlight Mode,
action.Diff.IgnoreLeftSide,Ignore Left Side,
action.Diff.IgnoreRightSide,Ignore Right Side,
action.Diff.IgnoreWhitespace,Toggle Diff Ignore Whitespace,
action.Diff.NextChange,Compare Next File,
action.Diff.NextConflict,Next Conflict,
action.Diff.PrevChange,Compare Previous File,
action.Diff.PreviousConflict,Previous Conflict,
action.Diff.ResolveConflict,Resolve Automatically,
action.Diff.SelectedChange,Choose File To Compare,
action.Diff.ShowDiff,Show Diff,
action.DropAnError,Drop An Error,
action.DropAnOutOfMemoryError,Drop An OutOfMemoryError,
action.DropAnOutOfMetaspaceError,Drop an OutOfMemoryError in Metaspace,
action.DumpInspectionDescriptions,Dump Inspection Descriptions,
action.DumpIntentionsDescriptions,Dump Intentions Descriptions,
action.DumpPsiMemoryCaches,Dump what is cached in PSI,
action.EditBreakpoint,Edit breakpoint,
action.EditCustomProperties,Edit Custom Properties...,
action.EditCustomVmOptions,Edit Custom VM Options...,
action.EditFavorites,Rename Favorites List,
action.EditMacros,Edit Macros,
action.EditorAddOrRemoveCaret,Add or Remove Caret,
action.EditorAddRectangularSelectionOnMouseDrag,Add Rectangular Selection on Mouse Drag,
action.EditorBackSpace,Backspace,
action.EditorBreadcrumbsHideBoth,Don't Show,
action.EditorBreadcrumbsShowAbove,Top,
action.EditorBreadcrumbsShowBelow,Bottom,
action.EditorChooseLookupItem,Choose Lookup Item,
action.EditorChooseLookupItemCompleteStatement,Choose Lookup Item and Invoke Complete Statement,
action.EditorChooseLookupItemDot,Choose Lookup Item and Insert Dot,
action.EditorChooseLookupItemReplace,Choose Lookup Item Replace,
action.EditorCloneCaretAbove,Clone Caret Above,
action.EditorCloneCaretBelow,Clone Caret Below,
action.EditorCodeBlockEnd,Move Caret to Code Block End,
action.EditorCodeBlockEndWithSelection,Move Caret to Code Block End with Selection,
action.EditorCodeBlockStart,Move Caret to Code Block Start,
action.EditorCodeBlockStartWithSelection,Move Caret to Code Block Start with Selection,
action.EditorConsoleScrollToTheEnd,Scroll to the end,
action.EditorContextInfo,Context Info,
action.EditorCopy,Copy,
action.EditorCreateRectangularSelection,Create Rectangular Selection,
action.EditorCut,Cut,
action.EditorCutLineBackward,Cut Line Backward,
action.EditorDecreaseFontSize,Decrease Font Size,
action.EditorDelete,Delete,
action.EditorDeleteLine,Delete Line,
action.EditorDeleteToLineEnd,Delete to Line End,
action.EditorDeleteToLineStart,Delete to Line Start,
action.EditorDeleteToWordEnd,Delete to Word End,
action.EditorDeleteToWordEndInDifferentHumpsMode,"Delete to Word End in Different ""CamelHumps"" Mode",
action.EditorDeleteToWordStart,Delete to Word Start,
action.EditorDeleteToWordStartInDifferentHumpsMode,"Delete to Word Start in Different ""CamelHumps"" Mode",
action.EditorDuplicate,Duplicate Line or Selection,
action.EditorDuplicateLines,Duplicate Entire Lines,
action.EditorEnter,Enter,
action.EditorGutterToggleGlobalIndentLines,Show Indent Guides,
action.EditorGutterToggleGlobalLineNumbers,Show Line Numbers,
action.EditorGutterToggleGlobalSoftWraps,Soft-Wrap All Files,
action.EditorHungryBackSpace,Hungry Backspace,
action.EditorIncreaseFontSize,Increase Font Size,
action.EditorIndentLineOrSelection,Indent Line or Selection,
action.EditorIndentSelection,Indent Selection,
action.EditorJoinLines,Join Lines,
action.EditorKillRingSave,Save to Kill Ring,
action.EditorKillToWordEnd,Kill to Word End,
action.EditorKillToWordStart,Kill to Word Start,
action.EditorLineEndWithSelection,Move Caret to Line End with Selection,
action.EditorLineStartWithSelection,Move Caret to Line Start with Selection,
action.EditorLookupDown,Lookup Down,
action.EditorLookupUp,Lookup Up,
action.EditorMatchBrace,Move Caret to Matching Brace,
action.EditorMoveDownAndScroll,Move Down and Scroll,
action.EditorMoveDownAndScrollWithSelection,Move Down and Scroll with Selection,
action.EditorMoveToPageBottom,Move Caret to Page Bottom,
action.EditorMoveToPageBottomWithSelection,Move Caret to Page Bottom with Selection,
action.EditorMoveToPageTop,Move Caret to Page Top,
action.EditorMoveToPageTopWithSelection,Move Caret to Page Top with Selection,
action.EditorMoveUpAndScroll,Move Up and Scroll,
action.EditorMoveUpAndScrollWithSelection,Move Up and Scroll with Selection,
action.EditorNextWordInDifferentHumpsMode,"Move Caret to Next Word in Different ""CamelHumps"" Mode",
action.EditorNextWordInDifferentHumpsModeWithSelection,"Move Caret to Next Word with Selection in Different ""CamelHumps"" Mode",
action.EditorNextWordWithSelection,Move Caret to Next Word with Selection,
action.EditorPageDownWithSelection,Page Down with Selection,
action.EditorPageUp,Page Up,
action.EditorPageUpWithSelection,Page Up with Selection,
action.EditorPasteFromX11,Paste from X clipboard,
action.EditorPreviousWordInDifferentHumpsMode,"Move Caret to Previous Word in Different ""CamelHumps"" Mode",
action.EditorPreviousWordInDifferentHumpsModeWithSelection,"Move Caret to Previous Word with Selection in Different ""CamelHumps"" Mode",
action.EditorPreviousWordWithSelection,Move Caret to Previous Word with Selection,
action.EditorResetFontSize,Reset Font Size,
action.EditorScrollBottom,Scroll to Bottom,
action.EditorScrollDown,Scroll Down,
action.EditorScrollDownAndMove,Scroll Down and Move if Necessary,
action.EditorScrollLeft,Scroll Left,
action.EditorScrollRight,Scroll Right,
action.EditorScrollToCenter,Scroll to Center,
action.EditorScrollTop,Scroll to Top,
action.EditorScrollUp,Scroll Up,
action.EditorScrollUpAndMove,Scroll Up and Move if Necessary,
action.EditorSelectLine,Select Line at Caret,
action.EditorSetContentBasedBidiTextDirection,Content-based,
action.EditorSetLtrBidiTextDirection,Left-to-Right,
action.EditorSetRtlBidiTextDirection,Right-to-Left,
action.EditorSplitLine,Split Line,
action.EditorStartNewLine,Start New Line,
action.EditorStartNewLineBefore,Start New Line Before Current,
action.EditorSwapSelectionBoundaries,Swap selection boundaries,
action.EditorTab,Tab,
action.EditorTextEndWithSelection,Move Caret to Text End with Selection,
action.EditorTextStartWithSelection,Move Caret to Text Start with Selection,
action.EditorToggleCase,Toggle Case,
action.EditorToggleInsertState,Toggle Insert/Overwrite,
action.EditorToggleShowBreadcrumbs,Show Breadcrumbs,
action.EditorToggleShowGutterIcons,Show Gutter Icons,
action.EditorToggleShowIndentLines,Show Indent Guides,
action.EditorToggleShowLineNumbers,Show Line Numbers,
action.EditorToggleShowWhitespaces,Show Whitespaces,
action.EditorToggleUseSoftWraps,Use Soft Wraps,
action.EditorToggleUseSoftWrapsInPreview,Use Soft Wraps in Preview Editor,
action.EditorUnindentSelection,Unindent Line or Selection,
action.editRunConfigurations,Edit Configurations...,
action.EditSource,Jump to Source,
action.EditSourceInNewWindow,Open source in new window,
action.EmacsStyleIndent,Emacs Tab,
action.EncapsulateFields,Encapsulate Fields...,
action.EvaluateExpression,Evaluate Expression...,
action.ExcludeFromProject,Exclude From Project...,
action.Exit,Exit,
action.ExpandAllRegions,Expand All,
action.ExpandAllToLevel1,1,
action.ExpandAllToLevel2,2,
action.ExpandAllToLevel3,3,
action.ExpandAllToLevel4,4,
action.ExpandAllToLevel5,5,
action.ExpandDocComments,Expand doc comments,
action.ExpandLiveTemplateByTab,Expand Live Template by Tab,
action.ExpandLiveTemplateCustom,Expand Live Template / Emmet Abbreviation,
action.ExpandRegion,Expand,
action.ExpandRegionRecursively,Expand Recursively,
action.ExpandToLevel1,1,
action.ExpandToLevel2,2,
action.ExpandToLevel3,3,
action.ExpandToLevel4,4,
action.ExpandToLevel5,5,
action.ExpandTreeNode,Expand Tree Node,
action.ExportSettings,Export Settings...,
action.ExportTestResults,Export Test Results...,
action.ExportThreads,Export Threads...,
action.ExportToEclipse,Export To Eclipse...,
action.ExportToHTML,Export to HTML...,
action.ExportToTextFile,Export to Text File,
action.ExpressionTypeInfo,Expression Type,
action.ExternalJavaDoc,External Documentation,
action.ExtractClass,Delegate...,
action.ExtractInclude,Include File...,
action.ExtractInterface,Interface...,
action.ExtractMethod,Method...,
action.ExtractModule,Module...,
action.ExtractSuperclass,Superclass...,
action.FileChooser.Delete,Delete...,
action.FileChooser.GotoDesktop,Desktop Directory,
action.FileChooser.GotoHome,Home Directory,
action.FileChooser.GotoModule,Module Directory,
action.FileChooser.GotoProject,Project Directory,
action.FileChooser.NewFile,New File...,
action.FileChooser.NewFolder,New Folder...,
action.FileChooser.Refresh,Refresh,
action.FileChooser.ShowHiddens,Show Hidden Files and Directories,
action.FileChooser.TogglePathShowing,Show/Hide path text,
action.FillParagraph,Fill Paragraph,
action.Find,Find...,
action.FindInPath,Find in Path...,
action.FindJoinpointsByPointcutAction,Find Join Point Identified by Pointcut,
action.FindModal,Find...,
action.FindNext,Find Next / Move to Next Occurrence,
action.FindPrevious,Find Previous / Move to Previous Occurrence,
action.FindUsages,Find Usages,
action.FindUsagesInFile,Find Usages in File,
action.FindWordAtCaret,Find Word at Caret,
action.FixDocComment,Fix doc comment,
action.FullyExpandTreeNode,Fully Expand Tree Node,
action.Generate,Generate...,
action.GenerateAntBuild,Generate Ant Build...,
action.GenerateConstructor,Constructor,
action.GenerateCoverageReport,Generate Coverage Report,
action.GenerateCreateUI,createUI(...),
action.GenerateDataMethod,Parameters Method,
action.GenerateDTD,Generate DTD from XML File,
action.GenerateEquals,equals() and hashCode(),
action.GenerateGetter,Getter,
action.GenerateGetterAndSetter,Getter and Setter,
action.GenerateJavadoc,Generate JavaDoc...,
action.GenerateSetter,Setter,
action.GenerateSetUpMethod,SetUp Method,
action.GenerateSuperMethodCall,Super Method Call,
action.GenerateTearDownMethod,TearDown Method,
action.GenerateTestMethod,Test Method,
action.Generify,Generify...,
action.GotoAspect,Aspect,
action.GotoBookmark0,Go to Bookmark 0,
action.GotoBookmark1,Go to Bookmark 1,
action.GotoBookmark2,Go to Bookmark 2,
action.GotoBookmark3,Go to Bookmark 3,
action.GotoBookmark4,Go to Bookmark 4,
action.GotoBookmark5,Go to Bookmark 5,
action.GotoBookmark6,Go to Bookmark 6,
action.GotoBookmark7,Go to Bookmark 7,
action.GotoBookmark8,Go to Bookmark 8,
action.GotoBookmark9,Go to Bookmark 9,
action.GotoChangedFile,Go To Changed File...,
action.GotoClass,Class...,
action.GotoCustomRegion,Custom Folding...,
action.GotoFile,File...,
action.GotoLine,Line/Column...,
action.GoToLinkTarget,Go to Link Target,
action.GotoNextBookmark,Next Bookmark,
action.GotoPreviousBookmark,Previous Bookmark,
action.GotoRelated,Related Symbol...,
action.GotoSuperClass,Super Class,
action.GotoSymbol,Symbol...,
action.GotoTestSubject,Test Subject,
action.Graph.Current.Node.Dependencies.Filter,Show selected nodes with dependencies,
action.Help.JetBrainsTV,Demos and Screencasts,
action.Help.KeymapReference,Keymap Reference,
action.HelpTopics,Help,
action.HideActiveWindow,Hide Active Tool Window,
action.HideCoverageInfo,Hide Co&verage Info,
action.HideSideWindows,Hide Side Tool Windows,
action.HighlightUsagesInFile,Highlight Usages in File,
action.HippieBackwardCompletion,Cyclic Expand Word (Backward),
action.HippieCompletion,Cyclic Expand Word,
action.Hotswap,Reload Changed Classes,
action.IdeScriptingConsole,IDE Scripting Console,
action.Images.EditExternally,Jump to External Editor,
action.Images.Editor.ActualSize,Actual Size,
action.Images.Editor.ToggleGrid,Grid,
action.Images.Editor.ZoomIn,Zoom In,
action.Images.Editor.ZoomOut,Zoom Out,
action.Images.ShowThumbnails,Show Image Thumbnails,
action.Images.Thumbnails.EnterAction,Browse,
action.Images.Thumbnails.Hide,Close thumbnails,
action.Images.Thumbnails.ToggleRecursive,Recursive,
action.Images.Thumbnails.UpFolder,Level up,
action.Images.ToggleTransparencyChessboard,Transparency Chessboard,
action.ImplementMethods,Implement Methods...,
action.ImportFromEclipse,Import From Eclipse...,
action.ImportFromJBuilder,Import From JBuilder...,
action.ImportModuleFromImlFile,Import Module,
action.ImportSettings,Import Settings...,
action.IncomingChanges.Get,Get Changelist,
action.IncomingChanges.Refresh,Refresh,
action.IncrementWindowHeight,Increment Height,
action.IncrementWindowWidth,Increment Width,
action.InferNullity,Infer Nullity...,
action.InheritanceToDelegation,Replace Inheritance with Delegation...,
action.Inline,Inline...,
action.InspectCode,Inspect Code...,
action.IntegrateFiles,Integrate,
action.IntroduceConstant,Constant...,
action.IntroduceField,Field...,
action.IntroduceFunctionalParameter,Functional Parameter...,
action.IntroduceFunctionalVariable,Functional Variable...,
action.IntroduceParameter,Parameter...,
action.IntroduceParameterObject,Parameter Object...,
action.IntroduceVariable,Variable...,
action.InvalidateCaches,Invalidate Caches / Restart...,
action.InvertBoolean,Invert Boolean...,
action.JumpToColorsAndFonts,Jump to Colors and Fonts,
action.JumpToLastChange,Last Edit Location,
action.JumpToNextChange,Next Edit Location,
action.LocalHistory.PutLabel,Put Label...,
action.LocalHistory.ShowHistory,Show History,
action.LocalHistory.ShowSelectionHistory,Show History for Selection,
action.LocalizePlugin,Localize Plugin,
action.LocalVcs.ShowRepHistory,Repository History,
action.LocalVcs.ShowStatistics,Show Local VCS Statistics...,
action.LogDebugConfigure,Debug Log Settings...,
action.Lvcs.RollbackFileAction,Rollback File,
action.Lvcs.ShowLvcsDiffAction,Compare Versions,
action.MakeModule,Build Module,
action.MakeStatic,Make Static...,
action.ManageRecentProjects,Manage Projects...,
action.MarkAsContentRoot,Not Excluded,
action.MarkAsOriginalTypeAction,Mark as Original File Type,
action.MarkAsPlainTextAction,Mark as Plain Text,
action.MarkExcludeRoot,Excluded,
action.MemberPushDown,Push Members Down...,
action.MembersPullUp,Pull Members Up...,
action.Merge3Files,Merge,
action.MethodDown,Next Method,
action.MethodDuplicates,Find and Replace Code Duplicates...,
action.MethodHierarchy,Method Hierarchy,
action.MethodHierarchy.BaseOnThisType,Base On This Type,
action.MethodHierarchy.ImplementMethodAction,Implement Method,
action.MethodHierarchy.OverrideMethodAction,Override Method,
action.MethodOverloadSwitchDown,Next Method Overload,
action.MethodOverloadSwitchUp,Previous Method Overload,
action.MethodUp,Previous Method,
action.Migrate,Migrate...,
action.MinimizeCurrentWindow,Minimize,
action.ModuleSettings,Module Settings,
action.Move,Move...,
action.MoveEditorToOppositeTabGroup,Move To Opposite Group,
action.MoveElementLeft,Move Element Left,
action.MoveElementRight,Move Element Right,
action.MoveLineDown,Move Line Down,
action.MoveLineUp,Move Line Up,
action.MoveStatementDown,Move Statement Down,
action.MoveStatementUp,Move Statement Up,
action.MoveTabDown,Move Down,
action.MoveTabRight,Move Right,
action.MoveToTheLeft,Move parameter left,
action.MoveToTheRight,Move parameter right,
action.NewClass,Java Class,
action.NewDir,Directory/Package,
action.NewDirectoryProject,New Project...,
action.NewElementSamePlace,New...,
action.NewElementToolbarAction,Create New File,
action.NewFile,File,
action.NewFromTemplate,From Template,
action.NewInspectionsInLatestVersion,What's new in IDEA 9,
action.NewModule,Module...,
action.NewModuleInGroup,Module,
action.NewProject,Project...,
action.NewScratchBuffer,New Scratch Buffer,
action.NewScratchFile,Scratch File,
action.NextDiff,Next Difference,
action.NextEditorTab,Select Next Tab in multi-editor file,
action.NextOccurence,Next Occurrence,
action.NextParameter,Next Parameter,
action.NextProjectWindow,Next Project Window,
action.NextTemplateVariable,Next Template Variable or Finish In-Place Refactoring,
action.OnlineDocAction,Getting Started,
action.openAssertEqualsDiff,View assertEquals Difference,
action.OpenDirectoryProject,Open Directory...,
action.OpenEditorInOppositeTabGroup,Open In Opposite Group,
action.OpenFile,Open...,
action.OpenModuleSettings,Module Settings,
action.OptimizeImports,Optimize Imports,
action.OverrideMethods,Override Methods...,
action.ParameterInfo,Parameter Info,
action.Pause,Pause Program,
action.PerformanceReport,Submit Performance Report,
action.PinActiveEditorTab,Pin Active Tab,
action.PinActiveTab,Pin Active Tab,
action.PinToolwindowTab,Pin Active Tool Window Tab,
action.PlaybackLastMacro,Play Back Last Macro,
action.PlaySavedMacrosAction,Play Saved Macros...,
action.PopupHector,Configure Current File Analysis...,
action.PreviousDiff,Previous Difference,
action.PreviousEditorTab,Select Previous Tab in multi-editor file,
action.PreviousOccurence,Previous Occurrence,
action.PreviousProjectWindow,Previous Project Window,
action.PreviousTemplateVariable,Previous Template Variable,
action.PrevParameter,Prev Parameter,
action.Print,Print...,
action.ProductivityGuide,Productivity Guide,
action.ProjectViewChangeView,Change View...,
action.PsiViewer,View PSI Structure...,
action.PsiViewerForContext,View PSI Structure of Current File...,
action.QuickChangeScheme,Quick Switch Scheme...,
action.QuickEvaluateExpression,Quick Evaluate Expression,
action.RearrangeCode,Rearrange Code,
action.RecentChangedFiles,Recently Changed Files,
action.RecentChanges,Recent Changes,
action.Refresh,Refresh,
action.ReloadFromDisk,Reload from Disk,
action.ReloadProjectAction,Reload Project,
action.RemoveAllFavoritesListsButThis,Delete All Favorites List But This,
action.RemoveFavoritesList,Delete Favorites List,
action.RemoveMiddleman,Remove Middleman...,
action.RemoveStripeButton,Remove from Sidebar,
action.RenameElement,Rename...,
action.RenameFile,Rename File...,
action.Replace,Replace...,
action.ReplaceConstructorWithBuilder,Replace Constructor with Builder...,
action.ReplaceConstructorWithFactory,Replace Constructor with Factory Method...,
action.ReplaceInPath,Replace in Path...,
action.ReplaceMethodWithMethodObject,Method Object...,
action.ReplaceTempWithQuery,Replace Temp with Query...,
action.RerunFailedTests,Rerun Failed Tests,
action.ResizeToolWindowDown,Stretch to Bottom,
action.ResizeToolWindowLeft,Stretch to Left,
action.ResizeToolWindowMaximize,Maximize Tool Window,
action.ResizeToolWindowRight,Stretch to Right,
action.ResizeToolWindowUp,Stretch to Top,
action.RestoreDefaultLayout,Restore Default Layout,
action.RunAPT,Process Annotations,
action.RunAPT.1,Process {0} Annotations,
action.RunGc,Run Garbage Collector,
action.Runner.AttachCell,Attach,
action.Runner.AttachCells,Attach {0} Views,
action.Runner.CloseAllUnpinnedViews,Close All but Pinned,
action.Runner.CloseOtherViews,Close Others,
action.Runner.CloseView,Close,
action.Runner.DetachCell,Detach,
action.Runner.DetachCells,Detach {0} Views,
action.Runner.FocusOnStartup,Focus On Startup,
action.Runner.MinimizeView,Hide,
action.Runner.MoveViewToGrid,Move To Grid,
action.Runner.MoveViewToTab,Move To Tab,
action.Runner.RestoreLayout,Restore Layout,
action.Runner.RestoreView,Restore ''{0}'' View,
action.Runner.ToggleToolbarLayout,Horizontal Toolbars,
action.SafeDelete,Safe Delete...,
action.SaveAll,Save All,
action.SaveAsTemplate,Save as Live Template...,
action.SaveDocument,Save Document,
action.SaveFileAsTemplate,Save File as Template...,
action.ScopeView.EditScopes,Edit Scopes,
action.Scratch.ChangeLanguage,Change File Language,
action.SearchEverywhere,Search Everywhere,
action.SelectAllOccurrences,Select All Occurrences,
action.SelectIn,Select In...,
action.SelectNextOccurrence,Add Selection for Next Occurrence,
action.SendFeedback,Submit Feedback...,
action.ShelvedChanges.DeleteDeleted,Delete Applied Shelved Changes,
action.ShelvedChanges.Rename,Rename...,
action.ShelvedChanges.Restore,Restore Applied Shelved Change,
action.ShelvedChanges.ShowHideDeleted,Show/Hide Applied Shelved Changes,
action.ShelvedChanges.Unshelve,Unshelve Changes,
action.ShowBackwardPackageDeps,Analyze Backward Dependencies...,
action.ShowContent,Show List of Tabs,
action.ShowCoverageInfo,Show Co&verage Info,
action.ShowErrorDescription,Error Description,
action.ShowExecutionPoint,Show Execution Point,
action.ShowFilePath,File Path,
action.ShowLog,Show Log in File Manager,
action.ShowModulesDependencies,Analyze Module Dependencies...,
action.ShowPackageCycles,Analyze Cyclic Dependencies...,
action.ShowPackageDeps,Analyze Dependencies...,
action.ShowPopupMenu,Show Context Menu,
action.ShowProcessWindow,Show,
action.ShowProjectStructureSettings,Project Structure...,
action.ShowQuickDocAtPinnedWindowFromTooltip,Full documentation in a pinned window,
action.ShowRecentTests,Recent Tests,
action.ShowRegistry,Registry...,
action.ShowSettingsAndFindUsages,Find Usages Settings...,
action.ShowSiblings,Show Siblings,
action.ShowTips,Tip of the Day,
action.ShowUsages,Show Usages,
action.ShowUserActivities,Show Activities,
action.SliceBackward,Analyze Data Flow to Here,
action.SliceForward,Analyze Data Flow from Here,
action.StartStopMacroRecording,Start/Stop Macro Recording,
action.StartupWizard,Configure Plugins...,
action.StopBackgroundProcesses,Stop Background Processes...,
action.StoreDefaultLayout,Store Current Layout as Default,
action.StructuralSearchPlugin.StructuralReplaceAction,Replace Structurally...,
action.StructuralSearchPlugin.StructuralSearchAction,Search Structurally...,
action.SurroundWith,Surround With...,
action.SurroundWithLiveTemplate,Surround with Live Template...,
action.SwitchBootJdk,Switch IDE boot JDK...,
action.SwitchCoverage,Show Code Coverage Data,
action.Synchronize,Synchronize,
action.SynchronizeCurrentFile,Synchronize selected file,
action.TabList,Show Hidden Tabs,
action.TabsPlacementBottom,Bottom,
action.TabsPlacementLeft,Left,
action.TabsPlacementNone,None,
action.TabsPlacementRight,Right,
action.TabsPlacementTop,Top,
action.TechnicalSupport,Support Center,
action.TemplateProjectProperties,Default Settings...,
action.TemplateProjectStructure,Default Project Structure...,
action.TextComponent.ClearAction,Clear text,
action.ToggleBookmark0,Toggle Bookmark 0,
action.ToggleBookmark1,Toggle Bookmark 1,
action.ToggleBookmark2,Toggle Bookmark 2,
action.ToggleBookmark3,Toggle Bookmark 3,
action.ToggleBookmark4,Toggle Bookmark 4,
action.ToggleBookmark5,Toggle Bookmark 5,
action.ToggleBookmark6,Toggle Bookmark 6,
action.ToggleBookmark7,Toggle Bookmark 7,
action.ToggleBookmark8,Toggle Bookmark 8,
action.ToggleBookmark9,Toggle Bookmark 9,
action.ToggleBreakpointEnabled,Toggle Breakpoint Enabled,
action.ToggleContentUiTypeMode,Group Tabs,
action.ToggleDistractionFreeMode,Toggle Distraction Free mode,
action.ToggleDockMode,Docked Mode,
action.ToggleFieldBreakpoint,Toggle Field Watchpoint,
action.ToggleFloatingMode,Floating Mode,
action.ToggleFullScreen,Toggle Full Screen mode,
action.ToggleInlineHintsAction,Toggle parameter name hints,
action.ToggleLineBreakpoint,Toggle Line Breakpoint,
action.ToggleMethodBreakpoint,Toggle Method Breakpoint,
action.TogglePinnedMode,Pinned Mode,
action.TogglePopupHints,Toggle Popup Hints for Current File,
action.TogglePowerSave,Power Save Mode,
action.ToggleReadOnlyAttribute,Toggle Read-Only Attribute,
action.ToggleSideMode,Split Mode,
action.ToggleTemporaryLineBreakpoint,Toggle Temporary Line Breakpoint,
action.ToggleWindowedMode,Windowed Mode,
action.TurnRefsToSuper,Use Interface Where Possible...,
action.Type\ Migration,Type Migration...,
action.TypeHierarchy,Type Hierarchy,
action.TypeHierarchy.BaseOnThisType,Base On This Type,
action.TypeHierarchy.Class,Class Hierarchy,
action.TypeHierarchy.Subtypes,Subtypes Hierarchy,
action.TypeHierarchy.Supertypes,Supertypes Hierarchy,
action.UiDebugger,UI Debugger...,
action.UnmarkRoot,Unmark Root,
action.Unscramble,Analyze Stacktrace...,
action.UnselectPreviousOccurrence,Unselect Occurrence,
action.Unsplit,Unsplit,
action.UpdateFiles,Update,
action.UsageView.Exclude,Exclude,
action.UsageView.Include,Include,
action.UsageView.Remove,Remove,
action.UsageView.ShowRecentFindUsages,Recent Find Usages,
action.ValidateXml,Validate,
action.Vcs.EditSourceAction,Edit Source,
action.Vcs.ExcludeAction,Exclude from Commit,
action.Vcs.FileView,Show File View,
action.Vcs.IncludeAction,Include into Commit,
action.Vcs.IntegrateProject,Integrate Project,
action.Vcs.ProjectStatus,Check Project Status,
action.Vcs.RefreshStatuses,Refresh File Status,
action.Vcs.RollbackChangedLines,Rollback,
action.Vcs.RollbackChanges,Rollback Changes,
action.Vcs.ShowDiffAction,Show Changes,
action.Vcs.ShowHistoryForBlock,Show History for Selection,
action.Vcs.ShowHistoryForRevision,Show History for Revision,
action.Vcs.ShowMessageHistory,Commit Message History,
action.Vcs.ShowTabbedFileHistory,Show History,
action.Vcs.UpdateProject,Update Project,
action.VcsHistory.ShowAllAffected,Show All Affected Files,
action.VcsShowCurrentChangeMarker,Change under caret,
action.ViewBreakpoints,View Breakpoints...,
action.ViewImportPopups,Show Import Popups,
action.ViewNavigationBar,Navigation Bar,
action.ViewOfflineInspection,View Offline Inspection Results...,
action.ViewSource,Show Source,
action.ViewStatusBar,Status Bar,
action.ViewToolBar,Toolbar,
action.ViewToolButtons,Tool Buttons,
action.VirtualFileInfo,Virtual File Info,
action.WelcomeScreen.Configure.DesktopEntry,Create Desktop Entry,
action.WelcomeScreen.Configure.Export,Export Settings,
action.WelcomeScreen.Configure.Import,Import Settings,
action.WelcomeScreen.CreateDirectoryProject,Create New Project,
action.WelcomeScreen.CreateNewProject,Create New Project,
action.WelcomeScreen.DevelopPlugins,Plugin Development,
action.WelcomeScreen.GetFromVcs,Check out from Version Control,
action.WelcomeScreen.ImportProject,Import Project,
action.WelcomeScreen.OpenDirectoryProject,Open...,
action.WelcomeScreen.OpenProject,Open...,
action.WelcomeScreen.Plugins,Plugins,
action.WhatsNewAction,What's New,
action.WrapReturnValue,Wrap Method Return Value...,
action.XDebugger.AutoTooltip,Value auto tooltip,
action.XDebugger.AutoTooltipOnSelection,Show value on selection change,
action.XDebugger.CompareValueWithClipboard,Compare Value with Clipboard,
action.XDebugger.CopyName,Copy Name,
action.XDebugger.CopyValue,Copy Value,
action.XDebugger.CopyWatch,Duplicate Watch,
action.XDebugger.EditWatch,Edit...,
action.XDebugger.Inline,Show Values Inline,
action.XDebugger.Inspect,Inspect...,
action.XDebugger.JumpToSource,Jump To Source,
action.XDebugger.JumpToTypeSource,Jump To Type Source,
action.XDebugger.MoveWatchDown,Move Watch Down,
action.XDebugger.MoveWatchUp,Move Watch Up,
action.XDebugger.MuteBreakpoints,Mute Breakpoints,
action.XDebugger.NewWatch,New Watch...,
action.XDebugger.RemoveAllWatches,Remove All Watches,
action.XDebugger.RemoveWatch,Remove Watch,
action.XDebugger.SetValue,Set Value...,
action.XDebugger.SwitchWatchesInVariables,Show watches in variables tab,
action.XDebugger.ToggleSortValues,Sort Values Alphabetically,
action.XDebugger.UnmuteOnStop,Unmute Breakpoints on Session Finish,
action.ZoomCurrentWindow,Zoom,
group.$LRU,Open Recent,
group.ActiveToolwindowGroup,Active Tool Window,
group.AddAllToFavorites,Add All To Favorites,
group.AddToFavorites,Add to Favorites,
group.AnalyzeJavaMenu,Analyze Java Menu,
group.AnalyzeMenu,Analyze,
group.BackgroundTasks,Background Tasks,
group.Bookmarks,Bookmarks,
group.BuildArtifactsGroup,Build Artifact,
group.BuildMenu,Build,
group.CloseEditorsGroup,Editor Close Actions,
group.CodeCompletionGroup,Completion,
group.CodeEditorBaseGroup,Code Editor View Actions,
group.CodeEditorViewGroup,Code View Actions,
group.CodeFormatGroup,Code Formatting Actions,
group.CodeMenu,Code,
group.CommanderViewPopupMenu,Commander View Popup Menu,
group.CommentGroup,Comment Actions,
group.ConvertIndentsGroup,Convert Indents,
group.CoverageMenu,Code Coverage Actions,
group.CutCopyPasteGroup,Cut/Copy/Paste Actions,
group.DebugMainMenu,Debugger Actions,
group.EditBookmarksGroup,Bookmarks,
group.EditCreateDeleteGroup,Editor Create/Delete Actions,
group.EditMenu,Edit,
group.EditorActions,Editor Actions,
group.EditorBidiTextDirection,Bidi Text Direction,
group.EditorBreadcrumbsSettings,Breadcrumbs,
group.EditorGutterPopupMenu,Editor Gutter Popup Menu,
group.EditorLangPopupMenu,Editor Popup Menu Actions (2),
group.EditorPopupMenu,Editor Popup Menu,
group.EditorPopupMenu.GoTo,Go To,
group.EditorPopupMenu.Run,Compile/Run Actions,
group.EditorPopupMenu1,Editor Popup Menu Actions (1),
group.EditorPopupMenuDebug,Debug Actions,
group.EditorTabPopupMenu,Editor Tab Popup Menu,
group.EditorTabPopupMenuEx,Editor Tab Popup Menu Actions (1),
group.EditorTabsGroup,Editor Tabs,
group.EditorToggleActions,Active Editor,
group.EditSelectGroup,Editor Select Actions,
group.EditSelectWordGroup,Select Word Actions,
group.EditSmartGroup,Edit Code Actions,
group.ExpandAllToLevel,Expand all to level,
group.ExpandToLevel,Expand to level,
group.ExportImportGroup,Export/Import Actions,
group.ExternalToolsGroup,External Tools,
group.FavoritesViewPopupMenu,Favorites View Popup Menu,
group.FileMainSettingsGroup,Settings Actions,
group.FileMenu,File,
group.FileOpenGroup,File Open Actions,
group.FileOtherSettingsGroup,Other Settings,
group.FilSettingsGroup,Settings Actions,
group.FindMenuGroup,Find,
group.FoldingGroup,Folding,
group.GenerateGroup,Generate,
group.GoToChangeMarkerGroup,Change Navigation Actions,
group.GoToCodeGroup,Goto by Reference Actions,
group.GoToErrorGroup,Goto Error/Bookmark Actions,
group.GoToMenu,Navigate,
group.GoToMenuEx,Method Navigation Actions,
group.GoToTargetEx,Goto by Name Actions,
group.HelpMenu,Help,
group.HierarchyGroup,Hierarchy Actions,
group.IntroduceActionsGroup,Extract,
group.LocalHistory,Local History,
group.Macros,Macros,
group.MacrosGroup,Macro Actions,
group.MainMenu,Main menu,
group.MainToolBar,Main Toolbar,
group.MarkFileAs,Mark File as,
group.MarkRootGroup,Mark Directory as,
group.MemoryManagement,Memory Management,
group.MoveModuleToGroup,Move Module to Group,
group.NavbarPopupMenu,Navigation Bar,
group.NewGroup,New,
group.NewGroup1,New Group (1),
group.NewGroup2,New Group (2),
group.Notifications,Notifications,
group.OpenProjectGroup,Open Project Actions,
group.OpenProjectWindows,Open Project Windows,
group.OtherMenu,Other,
group.PairFileActions,Actions on Pairs of Files,
group.PrintExportGroup,Print/Export Actions,
group.ProjectImport,Import Projects,
group.ProjectViewAnalysisGroup,Analysis Actions,
group.ProjectViewCompileGroup,Compile/Debug Actions,
group.ProjectViewGroup,Project View Actions,
group.ProjectViewPopupMenu,Project View Popup Menu,
group.ProjectViewPopupMenuModifyGroup,Project View Popup Menu Modify Group,
group.ProjectViewPopupMenuRunGroup,Project View Popup Menu Run Group,
group.ProjectViewPopupMenuSettingsGroup,Project View Popup Menu Settings Group,
group.RefactoringMenu,Refactor,
group.RefactoringMenu1,Refactoring Actions (1),
group.RefactoringMenu2,Refactoring Actions (2),
group.RefactoringMenu3,Refactoring Actions (3),
group.reopen.mac,Open Recent,
group.reopen.win,Reopen Project,
group.ResizeToolWindowGroup,Resize,
group.RunContextPopupGroup,Run Configurations,
group.RunMenu,Run,
group.Runner.Layout,Layout,
group.SendToFavoritesGroup,Send to Favorites,
group.ShowRecentFindUsagesGroup,Recent Find Usages,
group.StandardMacroActions,Standard Macro Actions,
group.TabsPlacementGroup,Tabs Placement,
group.ToggleBreakpointAction,Breakpoint Actions,
group.ToolbarFindGroup,Toolbar Find Actions,
group.ToolbarMakeGroup,Toolbar Make Actions,
group.ToolbarNewElement,Toolbar New Element Group,
group.ToolbarRunGroup,Toolbar Run Actions,
group.ToolsBasicGroup,Tools Basic Group,
group.ToolsMenu,Tools,
group.ToolsXmlGroup,XML Actions,
group.ToolWindowsGroup,Tool Windows,
group.Vcs.Browse,Browse VCS Repository,
group.Vcs.Checkout,Checkout from Version Control,
group.Vcs.Import,Import into Version Control,
group.VcsFileGroupPopup,Version Control Group,
group.VcsGlobalGroup,VCS Group,
group.VcsGroup,Version Control,
group.VcsGroups,VCS,
group.VcsToobarActions,VCS Actions,
group.VersionControlsGroup,VCS/LVCS Actions,
group.ViewMenu,View,
group.ViewRecentActions,View Recent Actions Group,
group.WeighingNewGroup,New,
group.WindowMenu,Window,
group.XDebugger.settings,Settings,
group.XmlGenerateToolsGroup,XML Generate Actions,
,Switcher,
,,
,,
,,
,,
,,
,,
,,
,,
,,
,,
,,
,,
,,
,,
,,
,,
,,
,,
,,
,,
,,
,,
,,
,,
,,
,,
,,
,,
